Object,Percentage
Font,0.3660108675285741
Gesture,0.23754918493535696
Tie,0.19044406970207983
Forehead,0.17238148772718756
Chin,0.16230091811879332
Smile,0.1442758103803635
Coat,0.14109050028105677
Sleeve,0.1325838486040847
Facial expression,0.1196177627880832
Human,0.11141090500281056
