Object,Percentage
china,0.47276119402985073
world,0.15746268656716417
virus,0.14216417910447762
people,0.08992537313432836
boycott,0.08395522388059702
wuhan,0.06343283582089553
trump,0.060074626865671645
hong,0.048507462686567165
health,0.047388059701492534
kong,0.04626865671641791
chinese,0.04328358208955224
organization,0.04216417910447761
product,0.04141791044776119
taiwan,0.03246268656716418
death,0.03208955223880597
president,0.03134328358208955
government,0.030597014925373135
spread,0.029850746268656716
party,0.029104477611940297
joe,0.029104477611940297
