Object,Percentage
racy,0.13146233382570163
violence,0.04283604135893648
medical,0.03175775480059084
adult,0.022895125553914326
