Object,Percentage
racy,0.08432748538011696
violence,0.03982456140350877
medical,0.027777777777777776
adult,0.011461988304093567
