Object,Percentage
racy,0.1618798955613577
medical,0.05587467362924282
violence,0.03655352480417755
adult,0.019843342036553524
