Object,Percentage
racy,0.10111940298507463
violence,0.03955223880597015
medical,0.018656716417910446
adult,0.014925373134328358
