Object,Percentage
racy,0.17149758454106281
medical,0.034420289855072464
violence,0.027777777777777776
adult,0.022946859903381644
