Object,Percentage
racy,0.08333333333333333
violence,0.030303030303030304
medical,0.025757575757575757
adult,0.0065656565656565654
