Object,Percentage
racy,0.09930672662544501
violence,0.03826119542814315
medical,0.029342327150084318
adult,0.01334082818062582
