quarter,cdnpoli,americafirst,liberals,immigration,refugees
2020-02,0.0601010101010101,0.03535353535353535,0.01616161616161616,0.01818181818181818,0.0025252525252525255
2020-04,0.0691919191919192,0.045454545454545456,0.013636363636363636,0.00808080808080808,0.0025252525252525255
2020-08,0.07676767676767676,0.03888888888888889,0.02070707070707071,0.007070707070707071,0.028282828282828285
2020-12,0.06666666666666667,0.049494949494949494,0.008585858585858586,0.006060606060606061,0.005050505050505051
2021-02,0.07878787878787878,0.02727272727272727,0.015151515151515152,0.0065656565656565654,0.0025252525252525255
2021-04,0.07272727272727272,0.03939393939393939,0.012121212121212121,0.00909090909090909,0.00202020202020202
