quarter,covidvaccine,COVID19Vaccine,FireFauci,Plandemic,VaccinesWork
2020-02,0.0,0.0,0.0,0.0,0.009057971014492754
2020-04,0.0,0.0006038647342995169,0.04528985507246377,0.022946859903381644,0.009057971014492754
2020-08,0.010869565217391304,0.004830917874396135,0.004227053140096618,0.024758454106280192,0.0030193236714975845
2020-12,0.11292270531400966,0.03140096618357488,0.0024154589371980675,0.012681159420289856,0.015096618357487922
2021-02,0.05314009661835749,0.034420289855072464,0.021739130434782608,0.005434782608695652,0.008454106280193236
2021-04,0.059782608695652176,0.03864734299516908,0.0036231884057971015,0.00785024154589372,0.022342995169082124
