quarter,WearAMask,maskup,facemask,masks,facemasks
2020-02,0.0,0.0,0.003133159268929504,0.0020887728459530026,0.0005221932114882506
2020-04,0.011488250652741514,0.004699738903394256,0.0433420365535248,0.029242819843342035,0.028720626631853787
2020-08,0.15509138381201043,0.062140992167101824,0.03968668407310705,0.037075718015665796,0.021409921671018278
2020-12,0.09973890339425587,0.0422976501305483,0.015143603133159269,0.01723237597911227,0.008877284595300261
2021-02,0.05639686684073107,0.03446475195822454,0.012010443864229765,0.014621409921671017,0.009921671018276762
2021-04,0.05848563968668407,0.03446475195822454,0.007832898172323759,0.013054830287206266,0.004177545691906005
