quarter,covidiots,karen,covididiot,gopdeathpanels,okboomer
2020-02,0.0,0.013293943870014771,0.0,0.0,0.014032496307237814
2020-04,0.30797636632200887,0.04948301329394387,0.0672082717872969,0.0361890694239291,0.008862629246676515
2020-08,0.12038404726735598,0.05465288035450517,0.009601181683899557,0.0007385524372230429,0.0014771048744460858
2020-12,0.08124076809453472,0.019202363367799114,0.005908419497784343,0.0,0.0007385524372230429
2021-02,0.0310192023633678,0.01772525849335303,0.0014771048744460858,0.0,0.0014771048744460858
2021-04,0.09896602658788774,0.013293943870014771,0.0,0.0,0.0022156573116691287
