quarter,maga,Trump2020,trumpvirus,TrumpIsACompleteFailure,TrumpIsALaughingStock
2020-02,0.0360233918128655,0.040994152046783625,0.0023391812865497076,0.0,0.001345029239766082
2020-04,0.05292397660818714,0.03181286549707602,0.04187134502923977,0.008128654970760233,0.028011695906432748
2020-08,0.05157894736842105,0.06777777777777778,0.058596491228070174,0.030584795321637426,0.019707602339181285
2020-12,0.035380116959064324,0.01391812865497076,0.02760233918128655,0.02912280701754386,0.015964912280701755
2021-02,0.021169590643274852,0.0007017543859649122,0.0018128654970760234,0.00046783625730994154,0.0005847953216374269
2021-04,0.014035087719298246,0.00017543859649122806,0.0018128654970760234,0.00011695906432748539,0.00046783625730994154
