quarter,ChinaVirus,CCPVirus,ChinaLiedPeopleDied,BoycottChina,chinesevirus
2020-02,0.0017612891137343076,0.0,0.0,0.0012366498032602585,0.0
2020-04,0.0099306726625445,0.012366498032602586,0.014277684092186622,0.004946599213041034,0.004384485666104553
2020-08,0.004721753794266442,0.002548248079445381,0.0005621135469364812,0.001873711823121604,0.0008993816750983699
2020-12,0.0026981450252951096,0.000936855911560802,0.0008244332021735058,0.0007120104927862095,0.00044969083754918494
2021-02,0.0008619074386359378,0.0003372681281618887,0.00037474236462432077,0.0005246393104740491,0.00026231965523702453
2021-04,0.000487165074011617,0.0005995877833989133,0.00029979389169945664,0.001011804384485666,0.0003372681281618887
